number,name,status
1,,Active
9,,Withdrawn
12,,Active
20,,Active
8,,Active
13,,Active
100,,Final
42,,Withdrawn
10,,Active
11,,Active
7,,Active
3,,Withdrawn
4,,Active
5,,Superseded
6,,Superseded
2,,Active
371,,Final
604,,Accepted
3154,,Final
3152,,Rejected
3153,,Superseded
8104,,Active
8105,,Active
8101,,Final
8103,,Final
8102,,Final
8100,,Final
8016,,Accepted
8015,,Rejected
8012,,Rejected
8010,,Rejected
8013,,Rejected
8011,,Rejected
8002,,Final
8014,,Rejected
8000,,Final
8001,,Final
3155,,Final
3156,,Final
3333,,Final
3151,,Final
3150,,Deferred
3149,,Final
3147,,Final
3148,execute computations asynchronously,Final
3146,,Withdrawn
3145,,Withdrawn
3144,,Final
3143,,Deferred
3142,,Rejected
3140,,Rejected
3139,,Rejected
3138,,Final
3136,,Rejected
3137,,Final
3134,,Final
3132,,Final
3135,,Final
3133,,Rejected
3141,,Final
3131,,Final
3130,,Rejected
3129,,Final
3128,,Rejected
3125,,Rejected
3127,,Final
3126,,Rejected
3124,,Deferred
3123,,Final
3121,,Final
3122,,Rejected
3120,,Final
3118,,Final
3119,,Final
3116,,Final
3117,,Rejected
3115,,Final
3112,,Final
3114,,Final
3113,,Final
3110,,Final
3111,,Final
3107,,Final
3108,,Final
3109,,Final
3106,,Final
3105,,Final
3104,,Final
3103,,Rejected
3102,,Final
3101,,Final
3100,,Final
3099,,Final
3003,,Final
3002,,Final
3000,,Final
801,,Active
754,,Rejected
734,,Draft
735,,Draft
3001,,Withdrawn
737,,Draft
733,,Draft
731,,Active
729,,Active
732,,Draft
730,,Draft
726,,Draft
727,,Draft
725,,Draft
724,,Draft
723,,Provisional
721,,Final
718,,Draft
720,,Draft
722,,Rejected
719,,Active
715,,Final
714,,Accepted
713,,Rejected
712,,Draft
709,,Final
710,,Draft
711,,Draft
707,,Rejected
708,,Provisional
706,,Final
705,,Draft
704,,Withdrawn
703,,Accepted
700,,Accepted
701,,Accepted
702,,Accepted
699,,Accepted
697,,Final
698,,Accepted
695,,Accepted
692,,Accepted
693,,Active
694,,Draft
696,,Draft
691,,Accepted
690,,Rejected
689,,Final
688,,Accepted
687,,Accepted
685,,Accepted
684,,Accepted
683,,Accepted
682,,Final
686,,Accepted
681,,Accepted
680,,Final
679,,Draft
677,,Rejected
678,,Final
675,,Accepted
676,,Active
674,,Deferred
672,,Active
671,,Draft
670,,Final
669,,Accepted
673,,Accepted
664,,Active
663,,Rejected
668,,Accepted
666,,Rejected
667,,Draft
662,,Rejected
665,,Rejected
661,,Draft
658,,Accepted
659,,Draft
660,,Final
656,,Final
657,,Final
654,,Final
655,,Accepted
651,,Rejected
652,,Final
650,,Withdrawn
649,,Accepted
647,,Accepted
648,,Rejected
646,,Accepted
645,,Withdrawn
653,,Draft
644,,Final
643,,Final
641,,Rejected
640,,Rejected
642,,Rejected
638,,Draft
639,,Draft
636,,Final
635,,Final
637,,Rejected
634,,Final
631,,Superseded
633,,Rejected
629,,Final
630,,Final
632,,Final
626,,Final
627,,Final
628,,Final
625,,Accepted
624,,Final
623,,Final
620,,Withdrawn
622,,Superseded
619,,Active
618,,Final
621,,Final
616,,Final
617,,Accepted
614,,Final
613,,Accepted
611,,Withdrawn
615,,Accepted
612,,Accepted
608,,Rejected
609,,Active
610,,Final
607,,Final
603,,Draft
605,,Rejected
606,,Rejected
598,,Withdrawn
601,,Rejected
597,,Final
600,,Final
599,,Superseded
602,,Accepted
596,,Active
595,,Withdrawn
593,,Accepted
591,,Accepted
589,,Accepted
594,,Final
590,,Accepted
592,,Final
588,,Draft
583,,Withdrawn
586,,Accepted
587,,Final
585,,Final
581,,Accepted
584,,Final
582,,Rejected
580,,Rejected
579,,Final
577,,Withdrawn
576,,Withdrawn
575,,Withdrawn
574,,Final
573,,Final
572,,Final
578,,Accepted
571,,Superseded
569,,Active
570,,Final
568,,Deferred
567,,Final
565,,Final
566,,Final
564,,Final
563,,Accepted
562,,Final
561,,Final
560,,Accepted
559,,Rejected
558,,Deferred
556,,Deferred
557,,Final
555,,Withdrawn
553,,Final
552,,Final
554,,Superseded
548,,Rejected
549,,Rejected
550,,Withdrawn
551,,Withdrawn
547,,Deferred
545,,Final
544,,Accepted
542,,Rejected
541,,Final
540,,Final
543,,Withdrawn
539,,Final
538,,Final
536,,Withdrawn
533,,Deferred
535,,Deferred
537,,Final
534,,Deferred
532,,Deferred
530,,Final
531,,Withdrawn
527,,Final
528,,Final
529,,Final
526,,Final
525,,Final
524,,Final
523,,Final
521,,Withdrawn
522,,Rejected
520,,Final
519,,Final
546,,Rejected
518,,Final
515,,Final
517,,Final
516,,Rejected
514,,Active
510,,Rejected
511,,Rejected
513,,Superseded
512,,Final
507,,Rejected
508,,Final
506,,Final
505,,Deferred
509,,Superseded
504,,Withdrawn
503,,Final
502,Extended Discussion,Rejected
501,,Deferred
500,,Rejected
498,,Final
499,,Deferred
497,,Rejected
496,,Rejected
495,,Final
493,,Final
491,,Deferred
489,,Final
492,,Final
487,,Final
494,,Final
490,,Rejected
488,,Final
486,,Final
485,,Final
484,,Final
483,,Final
482,,Final
479,,Final
480,,Draft
478,,Final
477,,Final
475,,Final
476,,Final
474,,Withdrawn
472,,Rejected
473,,Rejected
481,,Withdrawn
470,,Final
471,,Final
468,,Final
467,,Draft
469,,Withdrawn
466,,Final
465,,Final
464,,Final
462,,Withdrawn
461,,Final
460,,Withdrawn
458,,Accepted
463,,Rejected
457,,Final
456,,Final
459,,Withdrawn
455,,Rejected
454,,Final
453,,Final
452,,Final
451,,Final
448,,Final
450,,Final
449,,Final
447,,Deferred
446,,Final
443,,Final
445,,Final
442,,Final
444,,Deferred
441,,Final
440,,Final
439,,Rejected
437,,Rejected
435,,Final
436,,Final
434,,Active
433,,Superseded
432,,Withdrawn
438,,Superseded
431,,Superseded
430,,Final
429,,Final
428,,Final
427,,Final
426,,Withdrawn
425,,Final
423,,Deferred
424,,Final
422,,Withdrawn
421,,Final
420,,Final
419,,Deferred
418,,Final
416,,Rejected
417,,Final
415,,Final
414,,Final
412,,Final
409,,Final
413,,Withdrawn
411,,Superseded
410,,Rejected
408,,Rejected
407,,Deferred
406,,Withdrawn
404,,Final
401,,April Fool!
400,,Deferred
403,,Deferred
402,,Rejected
405,,Final
399,,Final
398,,Final
397,,Final
394,,Active
393,,Final
395,,Withdrawn
392,,Final
391,,Final
396,,Rejected
390,,Rejected
389,New Command Line Parsing Module,Final
387,,Active
384,,Final
386,,Superseded
385,,Final
382,,Rejected
383,,Final
381,,Withdrawn
380,,Final
379,,Withdrawn
377,,Rejected
376,,Final
375,,Final
378,,Final
373,,Final
372,,Final
374,,Final
369,,Withdrawn
370,,Final
366,,Final
368,,Deferred
367,,Superseded
365,,Rejected
364,,Withdrawn
363,,Rejected
362,,Final
360,,Final
361,,Final
359,,Withdrawn
356,,Final
358,,Final
357,,Final
355,Object oriented filesystem paths,Rejected
354,,Superseded
353,,Final
352,,Final
350,,Rejected
351,,Rejected
349,,Rejected
348,,Rejected
347,,Final
346,,Withdrawn
345,,Superseded
344,,Superseded
339,,Withdrawn
340,,Rejected
341,,Final
342,,Final
337,,Deferred
338,,Final
343,,Final
336,,Rejected
335,,Rejected
334,,Withdrawn
332,,Rejected
331,,Final
333,,Final
330,,Rejected
329,,Rejected
328,,Final
327,,Final
326,,Rejected
324,New process module,Final
325,,Rejected
323,,Deferred
322,,Final
321,,Withdrawn
320,,Final
318,,Final
319,,Rejected
315,,Rejected
316,,Deferred
314,,Superseded
317,,Rejected
312,,Deferred
313,,Rejected
311,,Final
310,,Rejected
307,,Final
309,,Final
308,,Final
306,,Withdrawn
305,,Final
304,,Withdrawn
301,,Final
302,,Final
299,,Rejected
297,,Rejected
298,,Withdrawn
303,,Rejected
296,,Withdrawn
295,,Rejected
293,,Final
294,,Rejected
289,,Final
288,,Withdrawn
291,,Final
292,,Final
290,,Active
287,,Active
286,,Deferred
285,,Final
284,,Rejected
282,,Final
281,,Rejected
280,,Deferred
279,,Final
283,,Final
278,,Final
276,,Rejected
275,,Rejected
277,,Final
272,,Final
273,,Final
271,,Rejected
274,,Final
269,,Deferred
266,,Withdrawn
270,,Rejected
267,,Deferred
264,,Final
265,,Rejected
268,,Rejected
263,,Final
260,,Final
262,,Rejected
261,,Final
258,,Rejected
259,,Rejected
257,,Active
256,,Rejected
255,,Final
254,,Rejected
252,,Final
253,,Final
251,,Final
250,,Final
249,,Final
248,,Final
247,,Final
246,,Rejected
245,,Rejected
244,,Rejected
243,,Withdrawn
242,,Rejected
241,,Superseded
239,,Rejected
240,,Rejected
236,,Final
235,,Final
234,,Final
237,,Final
238,,Final
233,,Deferred
232,,Final
231,,Rejected
230,,Final
229,,Final
226,,Final
228,,Withdrawn
227,,Final
224,,Rejected
223,,Final
225,,Rejected
221,,Final
222,,Deferred
220,,Rejected
218,,Final
219,,Deferred
216,,Rejected
217,,Final
215,,Superseded
213,,Deferred
211,,Rejected
212,,Rejected
214,,Final
210,,Rejected
208,,Final
207,,Final
209,,Withdrawn
206,,Withdrawn
205,,Final
204,,Rejected
202,,Final
203,,Final
201,,Final
200,,Final
160,,Final
103,,Withdrawn
102,,Superseded
101,,Active
